ts	phase	decision	why	evidence	result
2026-09-26T23:37:30Z	build	fixed RecipeStore bundle lookup using #if SWIFT_PACKAGE Bundle.module with Bundle.main fallback	Bundle.module is internal to SPM targets and failed under Xcode app project compilation	macos/Source/RecipeStore.swift:116	xcodebuild succeeded
2026-09-26T23:42:00Z	navigation	streamlined AppTab to 3 canonical tabs (recipes, camera, darkroom) with custom rawValue init for backward compatibility	eliminates duplicate Camera & Staging row in sidebar and preserves existing stored tab state	macos/Source/AppShell.swift:482	xcodebuild succeeded
2026-09-26T23:45:00Z	layout	unified Camera & Staging top cards horizontally and streamlined dial card sync status	reduces vertical footprint by ~190px elevating dial rack into view without scrolling, and removes redundant staged text	macos/Source/CameraViews.swift:58	snapshots verified
2026-09-26T23:45:30Z	ui	enhanced tone radar contrast and adjusted recipe card grid spacing	improves legibility of tone curves and prevents title truncation across cards	macos/Source/RecipeViews.swift:30	visual inspection verified
2026-09-26T23:46:15Z	script	portable printf and bash shebang in scripts/validate-image-capture-core.sh	ensures script runs under bash as well as zsh without failing on print	scripts/validate-image-capture-core.sh:1	portable syntax verified
2026-09-27T00:04:00Z	ptp	added 120ms firmware slot-switch delay and dedicated 0xD18D string data handling in ImageCaptureCorePTPClient	camera firmware requires 100-150ms after 0xD18C write to update slot buffer and 0xD18D was wrongly coerced to uint32 when short	FujiPTPClient/Sources/PTPClientMacOS/ImageCaptureCorePTPClient.swift:70	true camera slot readings verified
2026-09-27T00:05:00Z	sync	syncFromCameraPresetData sets recipeName to slotLabel, clears empty slots, and LoadoutCard prioritizes camera name when verified	local draft title was masking the camera slot name and empty camera slots retained old drafts	FujiRecipesCore/Sources/FujiRecipesCore/Models/LoadoutStore.swift:191	card titles match camera data
2026-09-27T00:06:00Z	hardware	added ICDeviceDelegate removal/close session handlers, PTP disconnect callbacks, and 2s heartbeat in CameraManager	unplugging the USB-C cable left CameraManager.status connected because ImageCaptureCore had no delegate wired to CameraManager	FujiPTPClient/Sources/PTPClientMacOS/ImageCaptureCorePTPClient.swift:510	unplug auto-disconnect verified
2026-09-27T00:20:00Z	ui	redesigned sidebar with Library section (All/Favorites/My Recipes), interactive C1-C7 dial rack with real-time provenance dots and drag-and-drop, ViewThatFits responsive footer, and wired selectedDialSlot state	generic orange square buttons were uninformative and did not select slots in Camera view, footer text was clipped in narrow sidebar, and library filtering was disconnected from sidebar	macos/Source/AppShell.swift, macos/Source/App.swift, macos/Source/CameraViews.swift, macos/Source/RecipeViews.swift, macos/Source/RecipeStore.swift	xcodebuild succeeded, 52 unit tests passed, snapshots generated without text truncation
2026-09-27T01:13:00Z	build	removed Bundle.module fallback in FujiRecipesCore RecipeStore initializer	FujiRecipesCore target does not declare a resources directive in Package.swift so Swift compiler raises Bundle has no member 'module' error	FujiRecipesCore/Sources/FujiRecipesCore/Models/RecipeStore.swift:119	swift test builds cleanly
